id,name,read,pattern,sequence,feature_type
Spike,Probe51_Spike,R2,5PNNNNNNNNNN(BC)NNNNNNNNN,AACCTTTGCCACTGC,Antibody Capture
RBD,Probe52_RBD,R2,5PNNNNNNNNNN(BC)NNNNNNNNN,GTCCGACTAATAGCT,Antibody Capture
ORF7,Probe53_OFR7,R2,5PNNNNNNNNNN(BC)NNNNNNNNN,CAGGTTGTTGTCATT,Antibody Capture
ORF8,Probe54_ORF8,R2,5PNNNNNNNNNN(BC)NNNNNNNNN,TATTTCCACCCGGTC,Antibody Capture
NP,Probe55_NP,R2,5PNNNNNNNNNN(BC)NNNNNNNNN,GTTGTGAGCACGAGA,Antibody Capture
CD62L,CD62L,R2,5PNNNNNNNNNN(BC)NNNNNNNNN,GTCCCTGCAACTTGA,Antibody Capture
CD27,CD27,R2,5PNNNNNNNNNN(BC)NNNNNNNNN,GCACTCCTGCATGTA,Antibody Capture
CD73,CD73,R2,5PNNNNNNNNNN(BC)NNNNNNNNN,CAGTTCCTCAGTTCG,Antibody Capture
HLA-DR,HLA-DR,R2,5PNNNNNNNNNN(BC)NNNNNNNNN,AATAGCGAGCAAGTA,Antibody Capture
CD80,CD80,R2,5PNNNNNNNNNN(BC)NNNNNNNNN,ACGAATCAATCTGTG,Antibody Capture
